{"cameraMode":{"drawMode":0,"name":"Shaded","section":"Shading Mode"},"sceneLighting":false,"audioPlay":false,"sceneViewState":{"showFog":true,"showMaterialUpdate":false,"showSkybox":false,"showFlares":true,"showImageEffects":true,"showParticleSystems":true},"in2DMode":false,"pivot":{"x":964.5,"y":544.0869750976563,"z":-1.4199998378753663},"rotation":{"x":-0.019798986613750459,"y":0.030586276203393937,"z":-0.0006059481529518962,"w":-0.9993367195129395},"size":233.34523010253907,"orthographic":false}