{"cameraMode":{"drawMode":0,"name":"Shaded","section":"Shading Mode"},"sceneLighting":false,"audioPlay":false,"sceneViewState":{"showFog":true,"showMaterialUpdate":false,"showSkybox":false,"showFlares":true,"showImageEffects":true,"showParticleSystems":true},"in2DMode":false,"pivot":{"x":0.2664734721183777,"y":3.4025259017944338,"z":1.867386817932129},"rotation":{"x":-0.3887521028518677,"y":0.011605706065893174,"z":-0.0048974198289215569,"w":-0.9212577939033508},"size":22.0,"orthographic":false}